Redni broj,Naziv artikla / opis usluge,SKU,Kataloški broj,Bar kod,Količina,Sezona
1,TENISICA ŽENSKA - Guide 8 - S10256-1,S10256-1,S10256-1 - 370,44209716225,1,16SP
2,TENISICA ŽENSKA - Guide 8 - S10256-1,S10256-1,S10256-1 - 425,44209716317,1,16SP
3,TENISICA ŽENSKA - Mirage 5 - S10267-3,S10267-3,S10267-3 - 370,44212476420,2,16SP
4,TENISICA ŽENSKA - Mirage 5 - S10267-3,S10267-3,S10267-3 - 425,44212476512,1,16SP
5,TENISICA ŽENSKA - Nomad TR - S10287-5,S10287-5,S10287-5 - 360,646881895917,1,16FW
6,TENISICA ŽENSKA - Nomad TR - S10287-5,S10287-5,S10287-5 - 370,646881895924,1,16FW
7,TENISICA ŽENSKA - Nomad TR - S10287-5,S10287-5,S10287-5 - 375,646881895931,2,16FW
8,TENISICA ŽENSKA - Triumph ISO 2 - S10290-3,S10290-3,S10290-3 - 360,44214766314,4,16SP
9,TENISICA ŽENSKA - Triumph ISO 2 - S10290-6,S10290-6,S10290-6 - 370,646881896372,2,16FW
10,TENISICA ŽENSKA - Triumph ISO 2 - S10290-6,S10290-6,S10290-6 - 380,646881896396,2,16FW
11,TENISICA ŽENSKA - Triumph ISO 2 - S10290-6,S10290-6,S10290-6 - 410,646881896440,1,16FW
12,TENISICA ŽENSKA - Guide 9 - S10295-5,S10295-5,S10295-5 - 360,646881896969,1,16FW
13,TENISICA ŽENSKA - Guide 9 - S10295-5,S10295-5,S10295-5 - 375,646881896983,1,16FW
14,TENISICA ŽENSKA - Guide 9 - S10295-5,S10295-5,S10295-5 - 380,646881896990,4,16FW
15,TENISICA ŽENSKA - Kinvara 7 - S10298-1,S10298-1,S10298-1 - 370,635841204845,2,16FW
16,TENISICA ŽENSKA - Kinvara 7 - S10298-1,S10298-1,S10298-1 - 375,635841204852,1,16FW
17,TENISICA  ŽENSKA - Breakthru 2 - S10304-3,S10304-3,S10304-3 - 370,646881897577,2,16FW
18,TENISICA ŽENSKA - OMNI 15 - S10315-4,S10315-4,S10315-4 - 360,720026731589,2,17SP
19,TENISICA ŽENSKA - OMNI 15 - S10315-4,S10315-4,S10315-4 - 370,720026731596,3,17SP
20,TENISICA ŽENSKA - OMNI 15 - S10315-4,S10315-4,S10315-4 - 375,720026731602,3,17SP
21,TENISICA ŽENSKA - OMNI 15 - S10315-4,S10315-4,S10315-4 - 380,720026731619,4,17SP
22,TENISICA ŽENSKA - OMNI 15 - S10315-4,S10315-4,S10315-4 - 385,720026731626,3,17SP
23,TENISICA ŽENSKA - OMNI 15 - S10315-4,S10315-4,S10315-4 - 390,720026731633,1,17SP
24,TENISICA ŽENSKA - OMNI 15 - S10315-4,S10315-4,S10315-4 - 400,720026731640,1,17SP
25,TENISICA ŽENSKA - OMNI 15 - S10315-4,S10315-4,S10315-4 - 420,720026731671,2,17SP
26,TENISICA ŽENSKA - OMNI 15 - S10315-4,S10315-4,S10315-4 - 425,720026731688,3,17SP
27,TENISICA ŽENSKA - OMNI 15 - S10315-4,S10315-4,S10315-4 - 430,720026731695,2,17SP
28,TENISICA ŽENSKA - OMNI 15 - S10315-5,S10315-5,S10315-5 - 360,720026731732,2,17SP
29,TENISICA ŽENSKA - OMNI 15 - S10315-5,S10315-5,S10315-5 - 370,720026731749,2,17SP
30,TENISICA ŽENSKA - OMNI 15 - S10315-5,S10315-5,S10315-5 - 375,720026731756,2,17SP
31,TENISICA ŽENSKA - OMNI 15 - S10315-5,S10315-5,S10315-5 - 385,720026731770,2,17SP
32,TENISICA ŽENSKA - OMNI 15 - S10315-5,S10315-5,S10315-5 - 390,720026731787,1,17SP
33,TENISICA ŽENSKA - OMNI 15 - S10315-5,S10315-5,S10315-5 - 420,720026731824,1,17SP
34,TENISICA ŽENSKA - OMNI 15 - S10315-5,S10315-5,S10315-5 - 425,720026731831,2,17SP
35,TENISICA ŽENSKA - OMNI 15 - S10315-5,S10315-5,S10315-5 - 430,720026731848,2,17SP
36,TENISICA ŽENSKA - Ride 9 - S10318-2,S10318-2,S10318-2 - 370,646881899229,1,16FW
37,TENISICA ŽENSKA - Ride 9 - S10318-2,S10318-2,S10318-2 - 380,646881899243,1,16FW
38,TENISICA ŽENSKA - HURRICANE ISO3 - S10348-1,S10348-1,S10348-1 - 370,720026733248,2,17SP
39,TENISICA ŽENSKA - HURRICANE ISO3 - S10348-1,S10348-1,S10348-1 - 375,720026733255,3,17SP
40,TENISICA ŽENSKA - HURRICANE ISO3 - S10348-1,S10348-1,S10348-1 - 380,720026733262,2,17SP
41,TENISICA ŽENSKA - HURRICANE ISO3 - S10348-1,S10348-1,S10348-1 - 385,720026733279,3,17SP
42,TENISICA ŽENSKA - HURRICANE ISO3 - S10348-1,S10348-1,S10348-1 - 390,720026733286,1,17SP
43,TENISICA ŽENSKA - HURRICANE ISO3 - S10348-1,S10348-1,S10348-1 - 400,720026733293,1,17SP
44,TENISICA ŽENSKA - HURRICANE ISO3 - S10348-1,S10348-1,S10348-1 - 425,720026733330,1,17SP
45,TENISICA ŽENSKA - HURRICANE ISO3 - S10348-1,S10348-1,S10348-1 - 430,720026733347,1,17SP
46,TENISICA ŽENSKA - HURRICANE ISO 3 - S10348-5,S10348-5,S10348-5 - 385,883799348238,1,17FW
47,TENISICA ŽENSKA - GUIDE 10 - S10350-2,S10350-2,S10350-2 - 355,720026734146,1,17SP
48,TENISICA ŽENSKA - GUIDE 10 - S10350-2,S10350-2,S10350-2 - 360,720026734153,2,17SP
49,TENISICA ŽENSKA - GUIDE 10 - S10350-2,S10350-2,S10350-2 - 370,720026734160,1,17SP
50,TENISICA ŽENSKA - GUIDE 10 - S10350-2,S10350-2,S10350-2 - 375,720026734177,1,17SP
51,TENISICA ŽENSKA - GUIDE 10 - S10350-2,S10350-2,S10350-2 - 380,720026734184,2,17SP
52,TENISICA ŽENSKA - GUIDE 10 - S10350-2,S10350-2,S10350-2 - 425,720026734252,1,17SP
53,TENISICA ŽENSKA - BREAKTHRU 3 - S10358-4,S10358-4,S10358-4 - 425,883799350545,2,17FW
54,TENISICA ŽENSKA - BREAKTHRU 3 - S10358-4,S10358-4,S10358-4 - 440,883799350569,2,17FW
55,TENISICA ŽENSKA - PEREGRINE 7 - S10359-2,S10359-2,S10359-2 - 360,720026736560,3,17SP
56,TENISICA ŽENSKA - PEREGRINE 7 - S10359-2,S10359-2,S10359-2 - 370,720026736577,3,17SP
57,TENISICA ŽENSKA - PEREGRINE 7 - S10359-2,S10359-2,S10359-2 - 385,720026736607,1,17SP
58,TENISICA ŽENSKA - PEREGRINE 7 - S10359-2,S10359-2,S10359-2 - 425,720026736669,3,17SP
59,TENISICA ŽENSKA - PEREGRINE 7 - S10359-2,S10359-2,S10359-2 - 430,720026736676,3,17SP
60,TENISICA ŽENSKA - PEREGRINE 7 - S10359-4,S10359-4,S10359-4 - 370,883799350903,2,17FW
61,TENISICA ŽENSKA - PEREGRINE 7 - S10359-4,S10359-4,S10359-4 - 375,883799350910,2,17FW
62,TENISICA ŽENSKA - PEREGRINE 7 - S10359-4,S10359-4,S10359-4 - 380,883799350927,3,17FW
63,TENISICA ŽENSKA - OMNI 16 - S10370-3,S10370-3,S10370-3 - 360,883799351948,1,17FW
64,TENISICA ŽENSKA - OMNI 16 - S10370-3,S10370-3,S10370-3 - 370,883799351955,1,17FW
65,TENISICA ŽENSKA - OMNI 16 - S10370-3,S10370-3,S10370-3 - 375,883799351962,1,17FW
66,TENISICA ŽENSKA - OMNI 16 - S10370-3,S10370-3,S10370-3 - 380,883799351979,2,17FW
67,TENISICA ŽENSKA - OMNI 16 - S10370-3,S10370-3,S10370-3 - 425,883799352044,1,17FW
68,TENISICA ŽENSKA - OMNI 16 - S10370-3,S10370-3,S10370-3 - 430,883799352051,2,17FW
69,TENISICA ŽENSKA - OMNI 16 - S10370-5,S10370-5,S10370-5 - 380,884401786356,1,18SP
70,TENISICA ŽENSKA - OMNI 16 - S10370-5,S10370-5,S10370-5 - 390,884401786370,1,18SP
71,TENISICA ŽENSKA - OMNI 16 - S10370-5,S10370-5,S10370-5 - 425,884401786424,1,18SP
72,TENISICA ŽENSKA - OMNI 16 - S10370-5,S10370-5,S10370-5 - 430,884401786431,1,18SP
73,TENISICA ŽENSKA - RIDE 10 - S10373-8,S10373-8,S10373-8 - 360,884401787223,2,18SP
74,TENISICA ŽENSKA - RIDE 10 - S10373-8,S10373-8,S10373-8 - 370,884401787230,2,18SP
75,TENISICA ŽENSKA - RIDE 10 - S10373-8,S10373-8,S10373-8 - 430,884401787339,1,18SP
76,TENISICA ŽENSKA - XODUS ISO 2 - S10387-5,S10387-5,S10387-5 - 370,884401787988,1,18SP
77,TENISICA ŽENSKA - XODUS ISO 2 - S10387-5,S10387-5,S10387-5 - 375,884401787995,1,18SP
78,TENISICA ŽENSKA - EXCURSION TR11 - S10392-4,S10392-4,S10392-4 - 360,883799357193,3,17FW
79,TENISICA ŽENSKA - EXCURSION TR11 - S10392-4,S10392-4,S10392-4 - 370,883799357209,1,17FW
80,TENISICA ŽENSKA - EXCURSION TR11 GTX - S10394-1,S10394-1,S10394-1 - 355,883799357483,2,17FW
81,TENISICA ŽENSKA - EXCURSION TR11 GTX - S10394-1,S10394-1,S10394-1 - 360,883799357490,1,17FW
82,TENISICA ŽENSKA - LIBERTY ISO - S10410-2,S10410-2,S10410-2 - 370,884401789005,1,18SP
83,TENISICA ŽENSKA - LIBERTY ISO - S10410-2,S10410-2,S10410-2 - 375,884401789012,1,18SP
84,TENISICA ŽENSKA - LIBERTY ISO - S10410-2,S10410-2,S10410-2 - 430,884401789098,2,18SP
85,TENISICA ŽENSKA - TRIUMPH ISO 4 - S10413-2,S10413-2,S10413-2 - 370,884401790209,1,18SP
86,TENISICA ŽENSKA - TRIUMPH ISO 4 - S10413-35,S10413-35,S10413-35 - 360,884547877659,1,18FW
87,TENISICA ŽENSKA - GUIDE ISO - S10415-30,S10415-30,S10415-30 - 390,884401444416,1,18SP
88,TENISICA ŽENSKA - GUIDE ISO - S10415-35,S10415-35,S10415-35 - 375,884547878274,1,18FW
89,TENISICA ŽENSKA - JAZZ 20 - S10423-2,S10423-2,S10423-2 - 380,884401865471,1,18SP
90,TENISICA ŽENSKA - JAZZ 20 - S10423-30,S10423-30,S10423-30 - 430,884401865693,1,18SP
91,TENISICA ŽENSKA - Jazz Original - S1044-361,S1044-361,S1044-361 - 390,635841211966,1,16SP
92,TENISICA ŽENSKA - JAZZ ORIGINAL - S1044-521,S1044-521,S1044-521 - 380,44209794834,1,SS21
93,TENISICA ŽENSKA - JAZZ ORIGINAL - S1044-521,S1044-521,S1044-521 - 385,44209794841,1,SS21
94,TENISICA ŽENSKA - JAZZ ORIGINAL - S1044-521,S1044-521,S1044-521 - 400,44209794865,2,SS21
95,TENISICA ŽENSKA - JAZZ ORIGINAL - S1044-521,S1044-521,S1044-521 - 405,44209794872,1,SS21
96,TENISICA ŽENSKA - JAZZ ORIGINAL - S1044-606,S1044-606,S1044-606 - 375,194917385616,3,SS21
97,TENISICA ŽENSKA - JAZZ ORIGINAL - S1044-606,S1044-606,S1044-606 - 380,194917385623,1,SS21
98,TENISICA ŽENSKA - JAZZ ORIGINAL - S1044-606,S1044-606,S1044-606 - 385,194917385630,3,SS21
99,TENISICA ŽENSKA - JAZZ ORIGINAL - S1044-606,S1044-606,S1044-606 - 390,194917385647,2,SS21
100,TENISICA ŽENSKA - JAZZ ORIGINAL - S1044-606,S1044-606,S1044-606 - 400,194917385654,1,SS21
101,TENISICA ŽENSKA - JAZZ ORIGINAL - S1044-606,S1044-606,S1044-606 - 405,194917385661,2,SS21
102,TENISICA ŽENSKA - JAZZ ORIGINAL - S1044-606,S1044-606,S1044-606 - 410,194917385678,3,SS21
103,TENISICA ŽENSKA - JAZZ ORIGINAL - S1044-608,S1044-608,S1044-608 - 375,194917385876,5,SS21
104,TENISICA ŽENSKA - JAZZ ORIGINAL - S1044-608,S1044-608,S1044-608 - 380,194917385883,2,SS21
105,TENISICA ŽENSKA - JAZZ ORIGINAL - S1044-608,S1044-608,S1044-608 - 385,194917385890,5,SS21
106,TENISICA ŽENSKA - JAZZ ORIGINAL - S1044-608,S1044-608,S1044-608 - 390,194917385906,1,SS21
107,TENISICA ŽENSKA - JAZZ ORIGINAL - S1044-608,S1044-608,S1044-608 - 400,194917385913,4,SS21
108,TENISICA ŽENSKA - JAZZ ORIGINAL - S1044-608,S1044-608,S1044-608 - 405,194917385920,1,SS21
109,TENISICA ŽENSKA - JAZZ ORIGINAL - S1044-608,S1044-608,S1044-608 - 410,194917385937,2,SS21
110,TENISICA ŽENSKA - FREEDOM ISO 2 - S10440-37,S10440-37,S10440-37 - 380,884506667499,1,19FW
111,TENISICA ŽENSKA - CLARION - S10447-2,S10447-2,S10447-2 - 375,44208283537,1,19SP
112,TENISICA ŽENSKA - XODUS ISO 3 - S10449-35,S10449-35,S10449-35 - 385,884547881595,1,18FW
113,TENISICA ŽENSKA - TRIUMPH ISO 5 - S10462-36,S10462-36,S10462-36 - 375,44208286644,1,19SP
114,TENISICA ŽENSKA - TRIUMPH ISO 5 - S10462-36,S10462-36,S10462-36 - 380,44208286651,1,19SP
115,TENISICA ŽENSKA - GUIDE ISO 2 - S10464-37,S10464-37,S10464-37 - 375,884506668830,3,19FW
116,TENISICA ŽENSKA - GUIDE ISO 2 - S10464-42,S10464-42,S10464-42 - 380,884506669141,1,19FW
117,TENISICA ŽENSKA - GUIDE ISO 2 - S10464-42,S10464-42,S10464-42 - 405,884506669189,5,19FW
118,TENISICA ŽENSKA - JAZZ 21 - S10492-41,S10492-41,S10492-41 - 370,44208290634,1,19SP
119,TENISICA ŽENSKA - JAZZ 21 - S10492-41,S10492-41,S10492-41 - 425,44208290726,1,19SP
120,TENISICA ŽENSKA - RIDE ISO 2 - S10514-25,S10514-25,S10514-25 - 370,44213453888,3,20SP
121,TENISICA ŽENSKA - FREEDOM ISO 3 - S10543-25,S10543-25,S10543-25 - 360,44213458517,2,20SP
122,TENISICA ŽENSKA - TRIUMPH 17 - S10546-25,S10546-25,S10546-25 - 375,44212498118,6,20SP
123,TENISICA ŽENSKA - TRIUMPH 17 - S10546-25,S10546-25,S10546-25 - 380,44212498125,1,20SP
124,TENISICA ŽENSKA - TRIUMPH 17 - S10546-25,S10546-25,S10546-25 - 385,44212498132,2,20SP
125,TENISICA ŽENSKA - GUIDE 13 - S10548-25,S10548-25,S10548-25 - 380,44212502419,2,20SP
126,TENISICA ŽENSKA - GUIDE 13 - S10548-25,S10548-25,S10548-25 - 385,44212502426,2,20SP
127,TENISICA ŽENSKA - PEREGRINE 10 - S10556-20,S10556-20,S10556-20 - 380,44213461579,1,20SP
128,TENISICA ŽENSKA - PEREGRINE 10 - S10556-35,S10556-35,S10556-35 - 375,194713606847,1,20FW
129,TENISICA ŽENSKA - PEREGRINE 10 - S10556-35,S10556-35,S10556-35 - 380,194713606854,1,20FW
130,TENISICA ŽENSKA - PEREGRINE 10 - S10556-35,S10556-35,S10556-35 - 420,194713606915,2,20FW
131,TENISICA ŽENSKA - PEREGRINE 10 - S10556-35,S10556-35,S10556-35 - 425,194713606922,1,20FW
132,TENISICA ŽENSKA - COHESION 13 - S10559-5,S10559-5,S10559-5 - 425,194713559334,2,20FW
133,TENISICA ŽENSKA - TRIUMPH 18 - S10595-20,S10595-20,S10595-20 - 425,194713686832,4,20FW
134,TENISICA ŽENSKA - ENDORPHIN PRO - S10598-25,S10598-25,S10598-25 - 400,194917351055,1,SS21
135,TENISICA ŽENSKA - ENDORPHIN PRO - S10598-25,S10598-25,S10598-25 - 410,194917351079,2,SS21
136,TENISICA ŽENSKA - ENDORPHIN PRO - S10598-25,S10598-25,S10598-25 - 430,194917351109,1,SS21
137,TENISICA ŽENSKA - KINVARA 12 - S10619-25,S10619-25,S10619-25 - 360,194917352199,1,SS21
138,TENISICA ŽENSKA - KINVARA 12 - S10619-25,S10619-25,S10619-25 - 400,194917352250,1,SS21
139,TENISICA ŽENSKA - SHADOW ORIGINAL - S1108-658,S1108-658,S1108-658 - 385,883799360940,1,17FW
140,TENISICA ŽENSKA - Mystic - S15248-5,S15248-5,S15248-5 - 375,635841232589,1,16SP
141,TENISICA ŽENSKA - Propel Vista  - S15254-6,S15254-6,S15254-6 - 375,635841234125,1,16SP
142,TENISICA ŽENSKA - Propel Vista  - S15254-6,S15254-6,S15254-6 - 405,635841234170,1,16SP
143,TENISICA ŽENSKA - Cohesion 9 - S15262-2,S15262-2,S15262-2 - 375,635841235382,9,16SP
144,TENISICA ŽENSKA - Cohesion 9 - S15262-2,S15262-2,S15262-2 - 385,635841235405,4,16SP
145,TENISICA ŽENSKA - Cohesion 9 - S15262-4,S15262-4,S15262-4 - 360,635841235641,2,16SP
146,TENISICA ŽENSKA - Cohesion 9 - S15262-4,S15262-4,S15262-4 - 370,635841235658,7,16SP
147,TENISICA ŽENSKA - Cohesion 9 - S15262-4,S15262-4,S15262-4 - 375,635841235665,16,16SP
148,TENISICA ŽENSKA - Cohesion 9 - S15262-4,S15262-4,S15262-4 - 385,635841235689,1,16SP
149,TENISICA ŽENSKA - Lancer 2 - S15264-3,S15264-3,S15264-3 - 360,635841236488,1,16SP
150,TENISICA ŽENSKA - Lancer 2 - S15264-3,S15264-3,S15264-3 - 370,635841236495,8,16SP
151,TENISICA ŽENSKA - Lancer 2 - S15264-3,S15264-3,S15264-3 - 375,635841236501,3,16SP
152,TENISICA ŽENSKA - Excursion TR10 - S15301-1,S15301-1,S15301-1 - 360,646881904442,1,16FW
153,TENISICA ŽENSKA - Excursion TR10 - S15301-1,S15301-1,S15301-1 - 370,646881904459,1,16FW
154,TENISICA ŽENSKA - GRID EXCURSION TR10 - S15301-11,S15301-11,S15301-11 - 360,677338252960,1,17SP
155,TENISICA ŽENSKA - GRID EXCURSION TR10 - S15301-11,S15301-11,S15301-11 - 370,677338252977,1,17SP
156,TENISICA ŽENSKA - GRID EXCURSION TR10 - S15301-11,S15301-11,S15301-11 - 375,677338252984,1,17SP
157,TENISICA ŽENSKA - GRID EXCURSION TR10 - S15301-11,S15301-11,S15301-11 - 380,677338252991,2,17SP
158,TENISICA ŽENSKA - GRID EXCURSION TR10 - S15301-11,S15301-11,S15301-11 - 385,677338253004,1,17SP
159,TENISICA ŽENSKA - GRID EXCURSION TR10 - S15301-11,S15301-11,S15301-11 - 425,677338253066,2,17SP
160,TENISIXA ŽENSKA - Excursion TR10 GTX - S15304-1,S15304-1,S15304-1 - 360,646881905708,1,16FW
161,TENISICA ŽENSKA - GRID CALIBER TR - S15326-3,S15326-3,S15326-3 - 355,801100158116,3,17SP
162,TENISICA ŽENSKA - GRID COHESION 10 - S15333-4,S15333-4,S15333-4 - 360,720026740635,1,17SP
163,TENISICA ŽENSKA - GRID COHESION 10 - S15333-4,S15333-4,S15333-4 - 370,720026740642,1,17SP
164,TENISICA ŽENSKA - GRID COHESION 10 - S15333-4,S15333-4,S15333-4 - 375,720026740659,8,17SP
165,TENISICA ŽENSKA - GRID COHESION 10 - S15333-4,S15333-4,S15333-4 - 390,720026740680,1,17SP
166,TENISICA ŽENSKA - POWERGRID LINCHPIN - S15334-2,S15334-2,S15334-2 - 400,720026741311,1,17SP
167,TENISICA ŽENSKA - JAZZ LOWPRO - S1866-221,S1866-221,S1866-221 - 440,720026743872,3,17SP
168,TENISICA ŽENSKA - FASTWITCH - S19032-1,S19032-1,S19032-1 - 380,677338595371,1,17SP
169,TENISICA MUŠKA - Triumph ISO 2 - S20290-6,S20290-6,S20290-6 - 405,646881908419,1,16FW
170,TENISICA MUŠKA - Guide 9 - S20295-5,S20295-5,S20295-5 - 510,646881909003,2,16FW
171,TENISICA MUŠKA - Kinvara 7 - S20298-1,S20298-1,S20298-1 - 410,635841208591,1,16SP
172,TENISICA MUŠKA - Kinvara 7 - S20298-1,S20298-1,S20298-1 - 425,635841208614,1,16SP
173,TENISICA MUŠKA - Kinvara 7 - S20298-5,S20298-5,S20298-5 - 420,646881909201,1,16FW
174,TENISICA MUŠKA - Kinvara 7 - S20298-5,S20298-5,S20298-5 - 430,646881909225,1,16FW
175,TENISICA MUŠKA - Omni 16 - S20315-2,S20315-2,S20315-2 - 405,646881910528,2,16FW
176,TENISICA MUŠKA - Omni 16 - S20315-2,S20315-2,S20315-2 - 410,646881910535,2,16FW
177,TENISICA MUŠKA - OMNI 15 - S20315-4,S20315-4,S20315-4 - 410,720026745975,2,17SP
178,TENISICA MUŠKA - OMNI 15 - S20315-5,S20315-5,S20315-5 - 405,720026746118,1,17SP
179,TENISICA MUŠKA - OMNI 15 - S20315-5,S20315-5,S20315-5 - 410,720026746125,1,17SP
180,TENISICA MUŠKA - OMNI 15 - S20315-5,S20315-5,S20315-5 - 420,720026746132,1,17SP
181,TENISICA MUŠKA - OMNI 15 - S20315-5,S20315-5,S20315-5 - 465,720026746200,1,17SP
182,TENISICA MUŠKA - XODUS ISO - S20325-4,S20325-4,S20325-4 - 410,720026746576,1,17SP
183,TENISICA MUŠKA - XODUS ISO - S20325-4,S20325-4,S20325-4 - 440,720026746613,1,17SP
184,TENISICA MUŠKA - Razor ICE + - S20328-1,S20328-1,S20328-1 - 410,646881939413,1,16FW
185,TENISICA MUŠKA - Razor ICE + - S20328-1,S20328-1,S20328-1 - 420,646881939420,1,16FW
186,TENISICA MUŠKA - Razor ICE + - S20328-1,S20328-1,S20328-1 - 465,646881939499,1,16FW
187,TENISICA MUŠKA - SWERVE - S20329-4,S20329-4,S20329-4 - 410,883799503354,1,17FW
188,TENISICA MUŠKA - SWERVE - S20329-4,S20329-4,S20329-4 - 425,883799503378,2,17FW
189,TENISICA MUŠKA - SWERVE - S20329-4,S20329-4,S20329-4 - 440,883799503392,1,17FW
190,TENISICA MUŠKA - Ride 9 - S20334-1,S20334-1,S20334-1 - 420,646881912911,1,16FW
191,TENISICA MUŠKA - Guide 9 - S20335-1,S20335-1,S20335-1 - 420,646881913062,1,16FW
192,TENISICA MUŠKA - TRIUMPH ISO 3 - S20346-3,S20346-3,S20346-3 - 410,720026747153,2,17SP
193,TENISICA MUŠKA - TRIUMPH ISO 3 - S20346-3,S20346-3,S20346-3 - 420,720026747160,3,17SP
194,TENISICA MUŠKA - GUIDE 10 - S20350-7,S20350-7,S20350-7 - 420,883799367499,1,17FW
195,TENISICA MUŠKA - FREEDOM ISO - S20355-12,S20355-12,S20355-12 - 420,883799367819,1,17FW
196,TENISICA MUŠKA - FREEDOM ISO - S20355-7,S20355-7,S20355-7 - 410,884401798618,1,18SP
197,TENISICA MUŠKA - FREEDOM ISO - S20355-7,S20355-7,S20355-7 - 420,884401798625,1,18SP
198,TENISICA MUŠKA - GUIDE 10 LR - S20362-1,S20362-1,S20362-1 - 440,801100224873,1,17SP
199,TENISICE MUŠKE - RIDE 9 - S20364-1,S20364-1,S20364-1 - 410,720026750603,1,17SP
200,TENISICE MUŠKE - RIDE 9 - S20364-1,S20364-1,S20364-1 - 420,720026750610,1,17SP
201,TENISICA MUŠKA - RIDE 10 - S20373-1,S20373-1,S20373-1 - 470,883799372783,1,17FW
202,TENISICA MUŠKA - RIDE 10 - S20373-30,S20373-30,S20373-30 - 410,884401799585,1,18SP
203,TENISICA MUŠKA - EXCURSION TR11 - S20392-9,S20392-9,S20392-9 - 410,884401801257,1,18SP
204,TENISICA MUŠKA - EXCURSION TR11 - S20392-9,S20392-9,S20392-9 - 490,884401801363,1,18SP
205,TENISICA MUŠKA - EXCURSION TR11 GTX - S20394-1,S20394-1,S20394-1 - 420,883799377207,1,17FW
206,TENISICA MUŠKA - PEREGRINE 7 ICE + - S20397-1,S20397-1,S20397-1 - 465,883799377702,1,17FW
207,TENISICA MUŠKA - LIBERTY ISO - S20410-2,S20410-2,S20410-2 - 405,884401801530,1,18SP
208,TENISICA MUŠKA - LIBERTY ISO - S20410-2,S20410-2,S20410-2 - 420,884401801554,1,18SP
209,TENISICA MUŠKA - LIBERTY ISO - S20410-2,S20410-2,S20410-2 - 425,884401801561,2,18SP
210,TENISICA MUŠKA - LIBERTY ISO - S20410-35,S20410-35,S20410-35 - 450,884547883230,2,18FW
211,TENISICA MUŠKA - LIBERTY ISO - S20410-36,S20410-36,S20410-36 - 420,44208290788,2,19SP
212,TENISICA MUŠKA - LIBERTY ISO - S20410-36,S20410-36,S20410-36 - 465,44208290856,1,19SP
213,TENISICA MUŠKA - HURRICANE ISO 4 - S20411-35,S20411-35,S20411-35 - 420,884547883636,1,18FW
214,TENISICA MUŠKA - GUIDE ISO - S20415-30,S20415-30,S20415-30 - 510,884401445437,6,18SP
215,TENISICA MUŠKA - JAZZ 20 - S20423-30,S20423-30,S20423-30 - 430,884401867024,1,18SP
216,TENISICA MUŠKA - JAZZ 20 - S20423-30,S20423-30,S20423-30 - 440,884401867031,1,18SP
217,TENISICA MUŠKA - JAZZ ORIGINAL - S2044-449,S2044-449,S2044-449 - 385,884547287960,1,SS21
218,TENISICA MUŠKA - JAZZ ORIGINAL - S2044-449,S2044-449,S2044-449 - 460,884401807815,2,SS21
219,TENISICA MUŠKA - JAZZ ORIGINAL - S2044-580,S2044-580,S2044-580 - 410,194713665394,2,SS21
220,TENISICA MUŠKA - JAZZ ORIGINAL - S2044-580,S2044-580,S2044-580 - 420,194713665400,5,SS21
221,TENISICA MUŠKA - JAZZ ORIGINAL - S2044-580,S2044-580,S2044-580 - 425,194713665417,2,SS21
222,TENISICA MUŠKA - JAZZ ORIGINAL - S2044-580,S2044-580,S2044-580 - 430,194713665424,3,SS21
223,TENISICA MUŠKA - JAZZ ORIGINAL - S2044-580,S2044-580,S2044-580 - 445,194713665448,4,SS21
224,TENISICA MUŠKA - JAZZ ORIGINAL - S2044-580,S2044-580,S2044-580 - 450,194713665455,3,SS21
225,TENISICA MUŠKA - JAZZ ORIGINAL - S2044-580,S2044-580,S2044-580 - 460,194713665462,4,SS21
226,TENISICA MUŠKA - JAZZ ORIGINAL - S2044-580,S2044-580,S2044-580 - 480,194713665486,1,SS21
227,TENISICA MUŠKA - RIDE ISO - S20444-35,S20444-35,S20444-35 - 420,884547887696,1,18FW
228,TENISICA MUŠKA - CLARION - S20447-2,S20447-2,S20447-2 - 460,635841364167,1,19SP
229,TENISICA MUŠKA - CLARION - S20447-37,S20447-37,S20447-37 - 405,884506673469,1,19FW
230,TENISICA MUŠKA - CLARION - S20447-37,S20447-37,S20447-37 - 470,884506673568,6,19FW
231,TENISICA MUŠKA - TRIUMPH ISO 5 - S20462-37,S20462-37,S20462-37 - 410,884506674053,1,19FW
232,TENISICA MUŠKA - TRIUMPH ISO 5 - S20462-37,S20462-37,S20462-37 - 420,884506674060,8,19FW
233,TENISICA MUŠKA - TRIUMPH ISO 5 - S20462-41,S20462-41,S20462-41 - 410,635841367502,1,19SP
234,TENISICA MUŠKA - GUIDE ISO 2 - S20464-37,S20464-37,S20464-37 - 420,884506674510,4,19FW
235,TENISICA MUŠKA - KINVARA 10 - S20467-36,S20467-36,S20467-36 - 445,635841370892,1,19SP
236,TENISICA MUŠKA - SWITCHBACK ISO - S20482-50,S20482-50,S20482-50 - 360,194713889080,1,SS21
237,TENISICA MUŠKA - SWITCHBACK ISO - S20482-50,S20482-50,S20482-50 - 410,194713889561,1,SS21
238,TENISICA MUŠKA - SWITCHBACK ISO - S20482-50,S20482-50,S20482-50 - 420,194713889578,1,SS21
239,TENISICA MUŠKA - SWITCHBACK ISO - S20482-50,S20482-50,S20482-50 - 425,194713889585,1,SS21
240,TENISICA MUŠKA - SWITCHBACK ISO - S20482-50,S20482-50,S20482-50 - 440,194713889608,1,SS21
241,TENISICA MUŠKA - SWITCHBACK ISO - S20482-50,S20482-50,S20482-50 - 460,194713889639,1,SS21
242,TENISICA MUŠKA - PEREGRINE ISO - S20483-36,S20483-36,S20483-36 - 465,635841374005,1,19SP
243,TENISICA MUŠKA - JAZZ 21 - S20492-36,S20492-36,S20492-36 - 410,635841374203,1,19SP
244,TENISICA MUŠKA - RIDE ISO 2 - S20514-25,S20514-25,S20514-25 - 420,44213464549,1,20SP
245,TENISICA MUŠKA - FREEDOM ISO 3 - S20543-25,S20543-25,S20543-25 - 445,44213467922,3,20SP
246,TENISICA MUŠKA - FREEDOM ISO 3 - S20543-25,S20543-25,S20543-25 - 470,44213468011,2,20SP
247,TENISICA MUŠKA - GUIDE 13 - S20548-45,S20548-45,S20548-45 - 410,44212546604,1,20SP
248,TENISICA MUŠKA - KINVARA 11 - S20551-25,S20551-25,S20551-25 - 410,44213469957,2,20SP
249,TENISICA MUŠKA - KINVARA 11 - S20551-25,S20551-25,S20551-25 - 420,44213469964,1,20SP
250,TENISICA MUŠKA - KINVARA 11 - S20551-25,S20551-25,S20551-25 - 470,44213470045,1,20SP
251,TENISICA MUŠKA - KINVARA 11 - S20551-45,S20551-45,S20551-45 - 470,44213470397,2,20SP
252,TENISICA MUŠKA - CLARION 2 - S20553-2,S20553-2,S20553-2 - 445,44213472131,4,20SP
253,TENISICA MUŠKA - CLARION 2 - S20553-2,S20553-2,S20553-2 - 460,44213472179,5,20SP
254,TENISICA MUŠKA - ENDORPHIN SHIFT - S20577-25,S20577-25,S20577-25 - 460,194917354827,1,SS21
255,TENISICA MUŠKA - RIDE 13 - S20579-30,S20579-30,S20579-30 - 470,194713565632,1,20FW
256,TENISICA MUŠKA - RIDE 13 - S20579-40,S20579-40,S20579-40 - 425,194713565717,1,20FW
257,TENISICA MUŠKA - TRIUMPH 18 - S20595-25,S20595-25,S20595-25 - 460,194917355428,1,SS21
258,TENISICA MUŠKA - ENDORPHIN PRO - S20598-25,S20598-25,S20598-25 - 420,194917355961,1,SS21
259,TENISICA MUŠKA - ENDORPHIN PRO - S20598-25,S20598-25,S20598-25 - 440,194917355992,1,SS21
260,TENISICA MUŠKA - ENDORPHIN PRO - S20598-25,S20598-25,S20598-25 - 460,194917356029,1,SS21
261,TENISICA MUŠKA - ENDORPHIN PRO - S20598-25,S20598-25,S20598-25 - 465,194917356036,1,SS21
262,TENISICA MUŠKA - SHADOW ORIGINAL - S2108-774,S2108-774,S2108-774 - 420,194917389072,4,SS21
263,TENISICA MUŠKA - SHADOW ORIGINAL - S2108-774,S2108-774,S2108-774 - 425,194917389089,2,SS21
264,TENISICA MUŠKA - SHADOW ORIGINAL - S2108-774,S2108-774,S2108-774 - 430,194917389096,1,SS21
265,TENISICA MUŠKA - Propel Vista  - S25254-2,S25254-2,S25254-2 - 420,44212749593,1,16SP
266,TENISICA MUŠKA - Jazz LowPro - S2866-189,S2866-189,S2866-189 - 465,635841218149,1,16SP
267,TENISICA MUŠKA - FASTWITCH 8 - S29032-2,S29032-2,S29032-2 - 470,884401854536,1,18SP
268,TENISICA ŽENSKA - JAZZ ORIGINAL VINTAGE - S60368-112,S60368-112,S60368-112 - 370,884506653874,1,19FW
269,TENISICA ŽENSKA - JAZZ ORIGINAL VINTAGE - S60368-128,S60368-128,S60368-128 - 420,44211893815,3,20SP
270,TENISICA ŽENSKA - JAZZ ORIGINAL VINTAGE - S60368-160,S60368-160,S60368-160 - 380,194713668661,3,20FW
271,TENISICA ŽENSKA - JAZZ ORIGINAL VINTAGE - S60368-160,S60368-160,S60368-160 - 400,194713668692,1,20FW
272,TENISICA ŽENSKA - JAZZ ORIGINAL VINTAGE - S60368-2,S60368-2,S60368-2 - 420,883799396482,2,18FW
273,TENISICA ŽENSKA - JAZZ ORIGINAL VINTAGE - S60368-44,S60368-44,S60368-44 - 380,884547858375,1,18FW
274,TENISICA ŽENSKA - JAZZ ORIGINAL VINTAGE - S60368-61,S60368-61,S60368-61 - 375,44209799693,1,19SP
275,TENISICA ŽENSKA - JAZZ ORIGINAL VINTAGE - S60368-61,S60368-61,S60368-61 - 385,44209799716,1,19SP
276,TENISICA ŽENSKA - JAZZ ORIGINAL VINTAGE - S60368-61,S60368-61,S60368-61 - 405,44209799747,1,19SP
277,TENISICA ŽENSKA - JAZZ ORIGINAL VINTAGE - S60368-62,S60368-62,S60368-62 - 370,44209799815,1,19SP
278,TENISICA ŽENSKA - JAZZ ORIGINAL VINTAGE - S60368-62,S60368-62,S60368-62 - 375,44209799839,1,19SP
279,TENISICA ŽENSKA - JAZZ ORIGINAL VINTAGE - S60368-65,S60368-65,S60368-65 - 360,44209800085,2,19SP
280,TENISICA ŽENSKA - JAZZ ORIGINAL VINTAGE - S60368-66,S60368-66,S60368-66 - 385,44209800351,1,19SP
281,TENISICA ŽENSKA - JAZZ ORIGINAL VINTAGE - S60368-67,S60368-67,S60368-67 - 370,44209800467,4,19SP
282,TENISICA ŽENSKA - JAZZ ORIGINAL VINTAGE - S60368-71,S60368-71,S60368-71 - 375,44209801044,1,19SP
283,TENISICA ŽENSKA - JAZZ ORIGINAL VINTAGE - S60368-71,S60368-71,S60368-71 - 380,44209801051,2,19SP
284,TENISICA ŽENSKA - JAZZ ORIGINAL VINTAGE - S60368-71,S60368-71,S60368-71 - 385,44209801068,2,19SP
285,TENISICA ŽENSKA - JAZZ ORIGINAL VINTAGE - S60368-9,S60368-9,S60368-9 - 385,884401116337,1,SS21
286,TENISICA ŽENSKA - JAZZ ORIGINAL VINTAGE - S60368-92,S60368-92,S60368-92 - 380,884506654284,1,19FW
287,TENISICA ŽENSKA - JAZZ ORIGINAL VINTAGE - S60368-97,S60368-97,S60368-97 - 380,884506654932,1,19FW
288,TENISICA ŽENSKA - SHADOW 5000 VINTAGE - S60405-10,S60405-10,S60405-10 - 420,884547859730,1,18FW
289,TENISICA ŽENSKA - SHADOW 5000 VINTAGE - S60405-10,S60405-10,S60405-10 - 430,884547859747,1,18FW
290,TENISICA ŽENSKA - SHADOW 5000 VINTAGE - S60405-17,S60405-17,S60405-17 - 390,44209802935,1,19SP
291,TENISICA ŽENSKA - SHADOW 5000 - S60405-38,S60405-38,S60405-38 - 360,194713669934,1,20FW
292,TENISICA ŽENSKA - SHADOW 5000 - S60405-38,S60405-38,S60405-38 - 370,194713669941,1,20FW
293,TENISICA ŽENSKA - SHADOW 5000 - S60405-38,S60405-38,S60405-38 - 375,194713669958,2,20FW
294,TENISICA ŽENSKA - SHADOW 5000 - S60405-38,S60405-38,S60405-38 - 380,194713669965,1,20FW
295,TENISICA ŽENSKA - SHADOW 5000 - S60405-38,S60405-38,S60405-38 - 385,194713669972,2,20FW
296,TENISICA ŽENSKA - SHADOW 5000 - S60405-38,S60405-38,S60405-38 - 390,194713669989,1,20FW
297,TENISICA ŽENSKA - SHADOW 5000 - S60405-38,S60405-38,S60405-38 - 400,194713669996,1,20FW
298,TENISICA ŽENSKA - JAZZ ORIGINAL VINTAGE - S60419-1,S60419-1,S60419-1 - 390,884547859952,1,18FW
299,TENISICA ŽENSKA - JAZZ ORIGINAL VINTAGE - S60419-2,S60419-2,S60419-2 - 390,884547860088,1,18FW
300,TENISICA MUŠKA - GRID 9000 - S70302-2,S70302-2,S70302-2 - 410,720026764662,3,17SP
301,TENISICA MUŠKA - GRID 9000 - S70302-2,S70302-2,S70302-2 - 420,720026764679,4,17SP
302,TENISICA MUŠKA - GRID 9000 - S70302-2,S70302-2,S70302-2 - 445,720026764716,2,17SP
303,TENISICA MUŠKA - Grid 9000 - S70312-1,S70312-1,S70312-1 - 445,720026824359,8,17SP
304,TENISICA MUŠKA - Grid SD - S70316-1,S70316-1,S70316-1 - 450,720026703241,1,17SP
305,TENISICA UNISEX - JAZZ ORIGINAL VINTAGE - S70368-10,S70368-10,S70368-10 - 385,883799545491,1,SS21
306,TENISICA UNISEX - JAZZ ORIGINAL VINTAGE - S70368-10,S70368-10,S70368-10 - 390,883799545507,1,SS21
307,TENISICA MUŠKA - JAZZ ORIGINAL VINTAGE - S70368-19,S70368-19,S70368-19 - 460,884401817555,1,18SP
308,TENISICA MUŠKA - JAZZ ORIGINAL VINTAGE - S70368-200,S70368-200,S70368-200 - 410,194917391358,2,SS21
309,TENISICA MUŠKA - JAZZ ORIGINAL VINTAGE - S70368-200,S70368-200,S70368-200 - 420,194917391365,1,SS21
310,TENISICA MUŠKA - JAZZ ORIGINAL VINTAGE - S70368-200,S70368-200,S70368-200 - 425,194917391372,3,SS21
311,TENISICA MUŠKA - JAZZ ORIGINAL VINTAGE - S70368-200,S70368-200,S70368-200 - 430,194917391389,2,SS21
312,TENISICA MUŠKA - JAZZ ORIGINAL VINTAGE - S70368-200,S70368-200,S70368-200 - 440,194917391396,3,SS21
313,TENISICA MUŠKA - JAZZ ORIGINAL VINTAGE - S70368-200,S70368-200,S70368-200 - 445,194917391402,4,SS21
314,TENISICA MUŠKA - JAZZ ORIGINAL VINTAGE - S70368-200,S70368-200,S70368-200 - 450,194917391419,3,SS21
315,TENISICA MUŠKA - JAZZ ORIGINAL VINTAGE - S70368-200,S70368-200,S70368-200 - 460,194917391426,3,SS21
316,TENISICA MUŠKA - JAZZ ORIGINAL VINTAGE - S70368-200,S70368-200,S70368-200 - 480,194917391440,1,SS21
317,TENISICA MUŠKA - JAZZ ORIGINAL VINTAGE - S70368-203,S70368-203,S70368-203 - 420,194917391877,3,SS21
318,TENISICA MUŠKA - JAZZ ORIGINAL VINTAGE - S70368-203,S70368-203,S70368-203 - 425,194917391884,3,SS21
319,TENISICA MUŠKA - JAZZ ORIGINAL VINTAGE - S70368-203,S70368-203,S70368-203 - 445,194917469774,1,SS21
320,TENISICA MUŠKA - JAZZ ORIGINAL VINTAGE - S70368-203,S70368-203,S70368-203 - 450,194917391914,5,SS21
321,TENISICA MUŠKA - JAZZ ORIGINAL VINTAGE - S70368-21,S70368-21,S70368-21 - 460,884401817814,2,18SP
322,TENISICA MUŠKA - JAZZ ORIGINAL VINTAGE - S70368-34,S70368-34,S70368-34 - 440,884547860347,1,18FW
323,TENISICA MUŠKA - JAZZ ORIGINAL VINTAGE - S70368-34,S70368-34,S70368-34 - 445,884547860354,1,18FW
324,TENISICA MUŠKA - JAZZ ORIGINAL VINTAGE - S70368-34,S70368-34,S70368-34 - 460,884547860378,1,18FW
325,TENISICA UNISEX - JAZZ ORIGINAL VINTAGE - S70368-4,S70368-4,S70368-4 - 385,883799545644,1,18SP
326,TENISICA MUŠKA - JAZZ ORIGINAL VINTAGE - S70368-48,S70368-48,S70368-48 - 420,44209826290,1,19SP
327,TENISICA MUŠKA - JAZZ ORIGINAL VINTAGE - S70368-52,S70368-52,S70368-52 - 430,44209827297,1,19SP
328,TENISICA MUŠKA - JAZZ ORIGINAL VINTAGE - S70368-56,S70368-56,S70368-56 - 445,44209965548,1,19SP
329,TENISICA MUŠKA - JAZZ ORIGINAL VINTAGE - S70368-81,S70368-81,S70368-81 - 420,884506658176,1,19FW
330,TENISICA MUŠKA - JAZZ ORIGINAL VINTAGE - S70368-87,S70368-87,S70368-87 - 425,884506658961,1,19FW
331,TENISICA MUŠKA - JAZZ ORIGINAL VINTAGE - S70368-9,S70368-9,S70368-9 - 410,883799404514,4,17FW
332,TENISICA MUŠKA - JAZZ ORIGINAL VINTAGE - S70368-9,S70368-9,S70368-9 - 425,883799404538,1,17FW
333,TENISICA MUŠKA - JAZZ ORIGINAL VINTAGE - S70368-9,S70368-9,S70368-9 - 445,883799404569,1,17FW
334,TENISICA UNISEX - DXN TRAINER VINTAGE - S70369-4,S70369-4,S70369-4 - 425,883799405054,3,18SP
335,TENISICA UNISEX - DXN TRAINER VINTAGE - S70369-4,S70369-4,S70369-4 - 430,883799405061,1,18SP
336,TENISICA UNISEX - DXN TRAINER VINTAGE - S70369-4,S70369-4,S70369-4 - 445,883799405085,5,18SP
337,TENISICA UNISEX - DXN TRAINER VINTAGE - S70369-4,S70369-4,S70369-4 - 460,883799405108,3,18SP
338,TENISICA UNISEX - DXN TRAINER VINTAGE - S70369-4,S70369-4,S70369-4 - 465,883799405115,2,18SP
339,TENISICA UNISEX - GRID 8000 CL - S70400-1,S70400-1,S70400-1 - 410,884547323958,2,18SP
340,TENISICA UNISEX - GRID 8000 CL - S70400-1,S70400-1,S70400-1 - 420,884547323965,2,18SP
341,TENISICA MUŠKA - SHADOW 5000 VINTAGE - S70404-10,S70404-10,S70404-10 - 410,44209967122,2,SS21
342,TENISICA MUŠKA - SHADOW 5000 VINTAGE - S70404-10,S70404-10,S70404-10 - 420,44209967139,1,SS21
343,TENISICA MUŠKA - SHADOW 5000 VINTAGE - S70404-10,S70404-10,S70404-10 - 425,44209967146,2,SS21
344,TENISICA MUŠKA - SHADOW 5000 VINTAGE - S70404-10,S70404-10,S70404-10 - 440,44209967160,1,SS21
345,TENISICA MUŠKA - SHADOW 5000 VINTAGE - S70404-10,S70404-10,S70404-10 - 445,44209967177,1,SS21
346,TENISICA MUŠKA - SHADOW 5000 VINTAGE - S70404-10,S70404-10,S70404-10 - 450,44209967184,1,SS21
347,TENISICA MUŠKA - SHADOW 5000 VINTAGE - S70404-10,S70404-10,S70404-10 - 465,44209967207,1,SS21
348,TENISICA MUŠKA - SHADOW 5000 VINTAGE - S70404-11,S70404-11,S70404-11 - 420,44209967290,1,19SP
349,TENISICA MUŠKA - SHADOW 5000 VINTAGE - S70404-11,S70404-11,S70404-11 - 460,44209967351,1,19SP
350,TENISICA MUŠKA - SHADOW 5000 VINTAGE - S70404-11,S70404-11,S70404-11 - 465,44209967368,1,19SP
351,TENISICA MUŠKA - SHADOW 5000 - S70404-32,S70404-32,S70404-32 - 405,194713673122,1,20FW
352,TENISICA MUŠKA - SHADOW 5000 - S70404-32,S70404-32,S70404-32 - 410,194713673139,1,20FW
353,TENISICA MUŠKA - SHADOW 5000 - S70404-32,S70404-32,S70404-32 - 420,194713673146,1,20FW
354,TENISICA MUŠKA - SHADOW 5000 - S70404-32,S70404-32,S70404-32 - 440,194713673177,1,20FW
355,TENISICA MUŠKA - SHADOW 5000 - S70404-32,S70404-32,S70404-32 - 445,194713673184,1,20FW
356,TENISICA MUŠKA - SHADOW 5000 - S70404-32,S70404-32,S70404-32 - 460,194713673207,1,20FW
357,TENISICA MUŠKA - GRID SD - S70416-2,S70416-2,S70416-2 - 390,884547864772,1,18FW
358,TENISICA MUŠKA - GRID SD - S70416-3,S70416-3,S70416-3 - 385,884547864932,1,18FW
359,TENISICA MUŠKA - GRID SD - S70416-3,S70416-3,S70416-3 - 390,884547864949,1,18FW
360,TENISICA MUŠKA - GRID SD - S70416-3,S70416-3,S70416-3 - 410,884547864970,1,18FW
361,TENISICA MUŠKA - GRID SD - S70416-3,S70416-3,S70416-3 - 430,884547865007,1,18FW
362,TENISICA MUŠKA - GRID SD - S70416-3,S70416-3,S70416-3 - 450,884547865038,1,18FW
363,TENISICA UNISEX - SHADOW ORIGINAL VINTAGE - S70424-1,S70424-1,S70424-1 - 430,884547867735,1,18FW
364,TENISICA UNISEX - SHADOW ORIGINAL VINTAGE - S70424-1,S70424-1,S70424-1 - 440,884547867742,1,18FW
365,TENISICA UNISEX - SHADOW ORIGINAL VINTAGE - S70424-1,S70424-1,S70424-1 - 445,884547867759,1,18FW
366,TENISICA UNISEX - SHADOW ORIGINAL VINTAGE - S70424-3,S70424-3,S70424-3 - 385,884547982551,1,18FW
367,TENISICA UNISEX - SHADOW ORIGINAL VINTAGE - S70424-3,S70424-3,S70424-3 - 425,884547867988,1,18FW
368,TENISICA UNISEX - SHADOW ORIGINAL VINTAGE - S70424-3,S70424-3,S70424-3 - 460,884547868039,4,18FW
369,TENISICA MUŠKA - SHADOW ORIGINAL VINTAGE - S70424-7,S70424-7,S70424-7 - 420,44212483916,1,19SP
370,TENISICA UNISEX - SHADOW ORIGINAL VINTAGE - S70424-8,S70424-8,S70424-8 - 465,44213839491,1,19SP
371,TENISICA UNISEX - AZURA - S70437-1,S70437-1,S70437-1 - 460,635841149009,1,19SP
372,TENISICA UNISEX - SHADOW 6000 - S70441-1,S70441-1,S70441-1 - 450,840333052969,1,19SP
373,TENISICA MUŠKA - JAZZ ORIGINAL - S70463-6,S70463-6,S70463-6 - 460,44211919508,1,20SP
374,TENISICA UNISEX - SHADOW 5000 - S70480-1 - 380,S70480-1,S70480-1 - 380,44211237633,1,19FW
375,TENISICA UNISEX - SHADOW 5000 - S70480-1 - 410,S70480-1,S70480-1 - 410,44211237688,1,19FW
376,TENISICA MUŠKA - JAZZ ORIGINAL - S70512-2,S70512-2,S70512-2 - 410,194713677380,1,20FW
377,TENISICA MUŠKA - JAZZ ORIGINAL - S70512-2,S70512-2,S70512-2 - 425,194713677403,1,20FW
378,TENISICA MUŠKA - JAZZ ORIGINAL - S70512-2,S70512-2,S70512-2 - 460,194713677458,1,20FW
379,TENISICA MUŠKA - JAZZ ORIGINAL - S70512-2,S70512-2,S70512-2 - 465,194713677465,1,20FW
380,TENISICA MUŠKA - JAZZ ORIGINAL - S70512-3,S70512-3,S70512-3 - 370,194713696633,1,20FW
381,TENISICA MUŠKA - JAZZ ORIGINAL - S70512-3,S70512-3,S70512-3 - 380,194713677502,1,20FW
382,TENISICA MUŠKA - JAZZ ORIGINAL - S70512-3,S70512-3,S70512-3 - 390,194713677526,1,20FW
383,TENISICA MUŠKA - JAZZ ORIGINAL - S70512-3,S70512-3,S70512-3 - 400,194713677533,1,20FW
384,TENISICA MUŠKA - JAZZ ORIGINAL - S70512-3,S70512-3,S70512-3 - 410,194713677557,1,20FW
385,TENISICA MUŠKA - JAZZ DST - S70528-11,S70528-11,S70528-11 - 420,194917394625,2,SS21
386,TENISICA MUŠKA - JAZZ DST - S70528-11,S70528-11,S70528-11 - 430,194917394649,1,SS21
387,TENISICA MUŠKA - JAZZ DST - S70528-11,S70528-11,S70528-11 - 440,194917394656,1,SS21
388,TENISICA MUŠKA - JAZZ DST - S70528-11,S70528-11,S70528-11 - 445,194917394663,3,SS21
389,TENISICA MUŠKA - JAZZ DST - S70528-11,S70528-11,S70528-11 - 450,194917394670,2,SS21
390,TENISICA MUŠKA - JAZZ DST - S70528-11,S70528-11,S70528-11 - 460,194917394687,2,SS21
391,TENISICA MUŠKA - JAZZ DST - S70528-12,S70528-12,S70528-12 - 425,194917394809,2,SS21
392,TENISICA MUŠKA - JAZZ DST - S70528-12,S70528-12,S70528-12 - 430,194917394816,1,SS21
393,TENISICA MUŠKA - JAZZ DST - S70528-12,S70528-12,S70528-12 - 440,194917394823,2,SS21
394,TENISICA MUŠKA - JAZZ DST - S70528-12,S70528-12,S70528-12 - 445,194917394830,1,SS21
395,TENISICA MUŠKA - GRID WEB - S70532-1,S70532-1,S70532-1 - 360,194713922213,1,SS21
396,TENISICA MUŠKA - GRID WEB - S70532-1,S70532-1,S70532-1 - 370,194713922220,1,SS21
397,TENISICA MUŠKA - GRID WEB - S70532-1,S70532-1,S70532-1 - 375,194713922237,1,SS21
398,TENISICA MUŠKA - GRID WEB - S70532-1,S70532-1,S70532-1 - 385,194713922251,1,SS21
399,TENISICA MUŠKA - GRID WEB - S70532-1,S70532-1,S70532-1 - 390,194713922268,1,SS21
400,TENISICA MUŠKA - GRID WEB - S70532-1,S70532-1,S70532-1 - 420,194713922305,1,SS21
401,TENISICA MUŠKA - GRID WEB - S70532-1,S70532-1,S70532-1 - 425,194713922312,2,SS21
402,TENISICA MUŠKA - GRID WEB - S70532-1,S70532-1,S70532-1 - 430,194713922329,1,SS21
403,TENISICA MUŠKA - GRID WEB - S70532-1,S70532-1,S70532-1 - 440,194713922336,1,SS21
404,TENISICA MUŠKA - GRID WEB - S70532-1,S70532-1,S70532-1 - 450,194713922350,1,SS21
405,TENISICA MUŠKA - GRID WEB - S70532-1,S70532-1,S70532-1 - 460,194713922367,1,SS21
406,TENISICA MUŠKA - GRID WEB - S70532-2,S70532-2,S70532-2 - 410,194713922497,1,SS21
407,TENISICA MUŠKA - GRID WEB - S70532-2,S70532-2,S70532-2 - 420,194713922503,1,SS21
408,TENISICA MUŠKA - GRID WEB - S70532-2,S70532-2,S70532-2 - 425,194713922510,3,SS21
409,TENISICA MUŠKA - GRID WEB - S70532-2,S70532-2,S70532-2 - 430,194713922527,1,SS21
410,TENISICA MUŠKA - GRID WEB - S70532-2,S70532-2,S70532-2 - 440,194713922534,3,SS21
411,TENISICA MUŠKA - GRID WEB - S70532-2,S70532-2,S70532-2 - 445,194713922541,1,SS21
412,TENISICA MUŠKA - GRID WEB - S70532-2,S70532-2,S70532-2 - 450,194713922558,1,SS21
413,TENISICA UNISEX - GRID WEB - S70598-1,S70598-1,S70598-1 - 400,194917643822,1,21SP
414,TENISICA UNISEX - GRID WEB - S70598-1,S70598-1,S70598-1 - 410,194917643846,1,21SP
415,TENISICA UNISEX - GRID WEB - S70598-1,S70598-1,S70598-1 - 420,194917643853,2,21SP
416,TENISICA UNISEX - GRID WEB - S70598-1,S70598-1,S70598-1 - 430,194917643877,2,21SP
417,TENISICA UNISEX - GRID WEB - S70598-1,S70598-1,S70598-1 - 440,194917643884,1,21SP
418,TENISICA UNISEX - AZURA - S70601-1,S70601-1,S70601-1 - 400,195017010132,1,SP21
419,TENISICA UNISEX - AZURA - S70601-1,S70601-1,S70601-1 - 420,195017010163,2,SP21
420,TENISICA UNISEX - AZURA - S70601-1,S70601-1,S70601-1 - 430,195017010187,1,SP21
421,TENISICA UNISEX - AZURA - S70601-1,S70601-1,S70601-1 - 440,195017010194,2,SP21
422,TENISICA UNISEX - AZURA - S70601-1,S70601-1,S70601-1 - 450,195017010217,1,SP21
423,TENISICA UNISEX - AZURA - S70601-1,S70601-1,S70601-1 - 460,195017010224,1,SP21
424,T-MAJA M. - FREEDOM SHORT SLEEVE - SA81153-ZST,SA81153-ZST,SA81153-ZST - 56,635841153471,1,16SP
425,T-MAJA M. - HYDRALITE SHORT SLEEVE - SA81165-CHR,SA81165-CHR,SA81165-CHR - 56,720026706778,1,17SP
426,T-MAJA M. - Hydralite Short Sleeve - SA81165-VIV,SA81165-VIV,SA81165-VIV - 48,646881824122,1,16FW
427,T-MAJA M. - Hydralite Short Sleeve - SA81165-VIV,SA81165-VIV,SA81165-VIV - 56,646881824146,2,16FW
428,T-MAJA M. - Hydralite Short Sleeve - SA81165-VRR,SA81165-VRR,SA81165-VRR - 50,886129800048,1,18FW
429,T-MAJA M. - Hydralite Short Sleeve - SA81165-VRR,SA81165-VRR,SA81165-VRR - 52,886129800031,1,18FW
430,T-MAJA M. - SAUCONY SHORT SLEEVE - SA81173-BK,SA81173-BK,SA81173-BK - 50,884401667365,1,18SP
431,T-MAJA M. - SAUCONY SHORT SLEEVE - SA81173-CR,SA81173-CR,SA81173-CR - 48,884401667426,1,18SP
432,MAJA M. - HYDRALITE LONG SLEEVE - SA81175-BK,SA81175-BK,SA81175-BK - 56,883799438076,1,17FW
433,KR. HLAČE M. - ENDORPHIN SPLIT SHORT - SA81183-BKBK,SA81183-BKBK,SA81183-BKBK - 52,635841155901,1,17SP
434,KR. HLAČE M. - ENDORPHIN SPLIT SHORT - SA81183-BKBK,SA81183-BKBK,SA81183-BKBK - 56,635841155949,1,17SP
435,JAKNA M. - VITARUN JACKET - SA81227-BK,SA81227-BK,SA81227-BK - 56,646881826119,2,17FW
436,MAJA M. - Run Strong Sportop - SA81241-CRBH,SA81241-CRBH,SA81241-CRBH - 56,646881826911,1,16FW
437,HLAČE M. - Siberijus Tight - SA81247-BK,SA81247-BK,SA81247-BK - 52,646881827222,1,16FW
438,MAJA M. - EVOLUTION SPORTOP - SA81275-BK,SA81275-BK,SA81275-BK - 48,720026708055,1,17SP
439,MAJA M. - EVOLUTION SPORTOP - SA81275-BK,SA81275-BK,SA81275-BK - 50,720026708048,11,17SP
440,MAJA M. - EVOLUTION SPORTOP - SA81275-BK,SA81275-BK,SA81275-BK - 52,720026708031,9,17SP
441,MAJA M. - EVOLUTION SPORTOP - SA81275-BK,SA81275-BK,SA81275-BK - 54,720026708062,12,17SP
442,MAJA M. - EVOLUTION SPORTOP - SA81275-BK,SA81275-BK,SA81275-BK - 56,720026708079,8,17SP
443,MAJA M. - ENDORPHINE SINGLET - SA81293-BB,SA81293-BB,SA81293-BB - 56,720026709373,3,17SP
444,KR. HLAČE Ž. - SCOOT MINI CAPRI - SA81392-BKBK,SA81392-BKBK,SA81392-BKBK - 34,635841157257,3,16SP
445,KR. HLAČE Ž. - SCOOT MINI CAPRI - SA81392-BKBK,SA81392-BKBK,SA81392-BKBK - 40,635841157219,1,16SP
446,MAJA Ž. - DAYBREAK TANK - SA81536-PSRORB,SA81536-PSRORB,SA81536-PSRORB - 34,635841160301,2,16SP
447,MAJA Ž. - DAYBREAK TANK - SA81536-PSRORB,SA81536-PSRORB,SA81536-PSRORB - 36,635841160288,1,16SP
448,MAJA Ž. - HYDRALITE TANK - SA81540-HB,SA81540-HB,SA81540-HB - 34,884506245086,5,19SP
449,KR. HLAČE Ž. - IMPULSE SHORT - SA81548-BK,SA81548-BK,SA81548-BK - 34,635841161261,1,17SP
450,KR. HLAČE Ž. - IMPULSE SHORT - SA81548-BK,SA81548-BK,SA81548-BK - 40,635841161223,1,17SP
451,TOP Ž. - ROCK-IT BRA - SA81578-BKP,SA81578-BKP,SA81578-BKP - 34,635841163883,1,16SP
452,TOP Ž. - ROCK-IT BRA TOP - SA81674-MLT,SA81674-MLT,SA81674-MLT - 34,883799440031,4,17FW
453,TOP Ž - Rock-It Bra - SA81674-RSBP,SA81674-RSBP,SA81674-RSBP - 34,720026712816,7,17SP
454,ŽENSKI TOP - IMPULSE BRA - SA81676-BK,SA81676-BK,SA81676-BK - 34,884401668317,2,18SP
455,ŽENSKI TOP - IMPULSE BRA - SA81676-BT,SA81676-BT,SA81676-BT - 34,884401668362,2,18SP
456,KR. HLAČE Ž. - BULLET CAPRI - SA81682-RSB,0,SA81682-RSB - 34,720026713226,3,17SP
457,KR. HLAČE Ž. - BULLET CAPRI - SA81682-RSB,0,SA81682-RSB - 40,720026713189,2,17SP
458,MAJA Ž. - FREEDOM TANK - SA81708-RSBP,SA81708-RSBP,SA81708-RSBP - 34,720026715473,1,17SP
459,MAJA Ž. - FREEDOM TANK - SA81708-RSBP,SA81708-RSBP,SA81708-RSBP - 36,720026715459,3,17SP
460,MAJA Ž. - FREEDOM TANK - SA81708-RSBP,SA81708-RSBP,SA81708-RSBP - 38,720026715442,1,17SP
461,HLAČE Ž. - SCOOT CROP - SA81750-RWP,0,SA81750-RWP - 38,720026719068,4,17SP
462,MAJA M. - OMNI SPORTOP - SAM800022-BK,SAM800022-BK,SAM800022-BK - 50,883799441632,1,17FW
463,MAJA M. - OMNI SPORTOP - SAM800022-BK,SAM800022-BK,SAM800022-BK - 56,883799441663,4,17FW
464,MAJA M. - MENS LIFE ON THE RUN CDWN LS - SAM800057-DGH,SAM800057-DGH,SAM800057-DGH - 48-S,884401670945,5,19SP
465,MAJA M. - MENS LIFE ON THE RUN CDWN LS - SAM800057-DGH,SAM800057-DGH,SAM800057-DGH - 50-M,884401670938,7,19SP
466,MAJA M. - MENS LIFE ON THE RUN CDWN LS - SAM800057-DGH,SAM800057-DGH,SAM800057-DGH - 52-L,884401670921,5,19SP
467,HLAČE M. - MENS LIFE ON THE RUN CDWN JGR - SAM800058-DGH,SAM800058-DGH,SAM800058-DGH - 54,884401671003,1,19SP
468,HLAČE M. - COOLDOWN WOVEN PANT - SAM800188-BK,SAM800188-BK,SAM800188-BK - 48,18466653791,1,19FW
469,MAJA M. - STOPWATCH LONG SLEEVE - SAM800197-BK,SAM800197-BK,SAM800197-BK - 56,635841580369,4,20FW
470,KR. HLAČE M. - OUTPACE 7 SHORT - SAM800244-BK,SAM800244-BK,SAM800244-BK - 48,194917425558,1,SS21
471,KR. HLAČE M. - OUTPACE 7 SHORT - SAM800244-BK,SAM800244-BK,SAM800244-BK - 50,194917425541,2,SS21
472,KR. HLAČE M. - OUTPACE 7 SHORT - SAM800244-BK,SAM800244-BK,SAM800244-BK - 52,194917425534,2,SS21
473,TOP Ž. - IMPULSE CROP TOP - SAW800104-HBP,SAW800104-HBP,SAW800104-HBP - 34-XS,884506246939,3,19SP
474,KR. HLAČE Ž. - BULLET TIGHT SHORT 2.0 - SAW800148-HBP,SAW800148-HBP,SAW800148-HBP - 34-XS,884506247233,2,19SP
475,KR. HLAČE Ž. - BULLET TIGHT SHORT 2.0 - SAW800148-HBP,SAW800148-HBP,SAW800148-HBP - 38-M,884506247202,2,19SP
476,KR. HLAČE Ž. - BULLET TIGHT SHORT 2.0 - SAW800148-HBP,SAW800148-HBP,SAW800148-HBP - 40-L,884506247196,2,19SP
477,MAJA Ž. - RA ENDORPHINE SINGLET - SAW800253-LPRA,SAW800253-LPRA,SAW800253-LPRA - 40,884506247998,1,19SP
478,JAKNA Ž. - COOLDOWN JACKET - SAW800259-DGHBK,SAW800259-DGHBK,SAW800259-DGHBK - 34-XS,18466718957,1,19FW
479,JAKNA Ž. - COOLDOWN JACKET - SAW800259-DGHBK,SAW800259-DGHBK,SAW800259-DGHBK - 36-S,18466718933,5,19FW
480,HLAČE Ž. - COOLDOWN WOVEN PANT - SAW800261-BK,SAW800261-BK,SAW800261-BK - 34-XS,18466719565,4,19FW
481,HLAČE Ž. - COOLDOWN WOVEN PANT - SAW800261-BK,SAW800261-BK,SAW800261-BK - 36-S,18466719541,3,19FW
482,HLAČE Ž. - COOLDOWN WOVEN PANT - SAW800261-BK,SAW800261-BK,SAW800261-BK - 38-M,18466719534,3,19FW
483,HLAČE Ž. - COOLDOWN WOVEN PANT - SAW800261-BK,SAW800261-BK,SAW800261-BK - 40-L,18466719374,4,19FW
484,JAKNA Ž. - PACKAWAY JACKET - SAW800270-RED,SAW800270-RED,SAW800270-RED - 34,635841608544,5,20SP
485,JAKNA Ž. - PACKAWAY JACKET - SAW800270-RED,SAW800270-RED,SAW800270-RED - 40,635841608506,2,20SP
486,TENISICA DJEČKA - JAZZ DOUBLE HL - SK161015,JAZZ DOUBLE HL,SK161015 - 320,884506143214,1,19SP
487,TENISICA DJEČKA - JAZZ DOUBLE HL - SK161015,JAZZ DOUBLE HL,SK161015 - 330,884506143221,1,19SP
488,TENISICA DJEČKA - JAZZ DOUBLE HL - SK161015,JAZZ DOUBLE HL,SK161015 - 350,884506143252,3,19SP
489,TENISICA DJEČJA - S-JAZZ ORIGINAL VINTAGE - SK260996,SK260996,SK260996 - 370,884506148950,2,19SP
490,TENISICA DJEČJA - S-JAZZ ORIGINAL VINTAGE - SK260996,SK260996,SK260996 - 375,884506148967,4,19SP
491,TENISICA DJEČJA - JAZZ DOUBLE HL - SK261010,SK261010,SK261010 - 350,884506150236,1,19SP
,,#N/A,,,918,
